<?xml version="1.0" encoding="UTF-8" standalone="no"?>
<jbi xmlns="http://java.sun.com/xml/ns/jbi" xmlns:ns0="http://enterprise.netbeans.org/bpel/HelloWorld/helloWorld" xmlns:ns1="http://j2ee.netbeans.org/wsdl/HelloWorld/src/HelloWorld" xmlns:ns2="http://www.sun.com/jbi/descriptor/service-unit" version="1.0">
    <services binding-component="false">
        <provides endpoint-name="HelloWorldPortTypeRole_myRole" interface-name="ns1:HelloWorldPortType" service-name="ns0:PartnerLink1">
            <ns2:display-name>PartnerLink1</ns2:display-name>
            <ns2:process-name>helloWorld</ns2:process-name>
            <ns2:file-path>helloWorld.bpel</ns2:file-path>
        </provides>
    </services>
</jbi>
