<?xml version="1.0" encoding="UTF-8" standalone="no"?>
<jbi xmlns="http://java.sun.com/xml/ns/jbi" xmlns:ns0="http://enterprise.netbeans.org/bpel/IfModule/ifModule" xmlns:ns1="http://j2ee.netbeans.org/wsdl/IfModule/src/ifModuleWsdl" xmlns:ns2="http://www.sun.com/jbi/descriptor/service-unit" version="1.0">
    <services binding-component="false">
        <provides endpoint-name="ifModuleWsdlPortTypeRole_myRole" interface-name="ns1:ifModuleWsdlPortType" service-name="ns0:PartnerLink1">
            <ns2:display-name>PartnerLink1</ns2:display-name>
            <ns2:process-name>ifModule</ns2:process-name>
            <ns2:file-path>ifModule.bpel</ns2:file-path>
        </provides>
    </services>
</jbi>
