<?xml version="1.0" encoding="UTF-8" standalone="no"?>
<jbi xmlns="http://java.sun.com/xml/ns/jbi" xmlns:ns0="http://enterprise.netbeans.org/bpel/extservice2/extservice2" xmlns:ns1="http://ws.cdyne.com/" xmlns:ns2="http://j2ee.netbeans.org/wsdl/extservice2/src/newWSDL" xmlns:ns3="http://www.sun.com/jbi/descriptor/service-unit" version="1.0">
    <services binding-component="false">
        <provides endpoint-name="newWSDLPortTypeRole_myRole" interface-name="ns2:newWSDLPortType" service-name="ns0:PartnerLink1">
            <ns3:display-name>PartnerLink1</ns3:display-name>
            <ns3:process-name>extservice2</ns3:process-name>
            <ns3:file-path>extservice2.bpel</ns3:file-path>
        </provides>
        <consumes endpoint-name="IP2GeoSoapRole_partnerRole" interface-name="ns1:IP2GeoSoap" service-name="ns0:PartnerLink2">
            <ns3:display-name>PartnerLink2</ns3:display-name>
            <ns3:process-name>extservice2</ns3:process-name>
            <ns3:file-path>extservice2.bpel</ns3:file-path>
        </consumes>
    </services>
</jbi>
