<?xml version="1.0" encoding="UTF-8"?>
<project-private xmlns="http://www.netbeans.org/ns/project-private/1">
    <editor-bookmarks xmlns="http://www.netbeans.org/ns/editor-bookmarks/2" lastBookmarkId="0"/>
    <open-files xmlns="http://www.netbeans.org/ns/projectui-open-files/2">
        <group>
            <file>file:/C:/Users/Kamil/Desktop/AZU/AZU/lab04/lab04/src/java/com/lab4/StudentClass.java</file>
            <file>file:/C:/Users/Kamil/Desktop/AZU/AZU/lab04/lab04/src/java/com/lab4/Person.java</file>
            <file>file:/C:/Users/Kamil/Desktop/AZU/AZU/lab04/lab04/src/java/com/lab4/ClassContainer.java</file>
            <file>file:/C:/Users/Kamil/Desktop/AZU/AZU/lab04/lab04/src/java/com/lab4/IClassesContainer.java</file>
            <file>file:/C:/Users/Kamil/Desktop/AZU/AZU/lab04/lab04/src/java/com/lab4/Lab4WebService.java</file>
        </group>
    </open-files>
</project-private>
